{
  "smoothing_alpha": 0.35,
  "sensitivity": 1.66,
  "volume": 49.54205559604905,
  "pinch_thresh": 0.36979340131641136,
  "volume_min_dist": null,
  "volume_max_dist": null
}